Continent,Region,country,country_code,criminality,criminal_markets,human_trafficking,human_smuggling,arms_trafficking,flora_crimes,fauna_crimes,non_renewables_crimes,heroin_trade,cocaine_trade,cannabis_trade,synthetic_drug_trade,criminal_actors,mafia_style_groups,criminal_networks,state_embedded_actors,foreign_actors,resilience,political_leadership_governance,government_transparency_accountability,international_cooperation,national_policies_laws,Judicial_system_and_detention,law_enforcement,terroitorial_integrity,anti_money_laundering,economic_regulatory_capacity,victim_witness_support,prevention,non_state_actors
Asia,Southern Asia,Afghanistan,AFG,7.075,6.9,8.5,8.0,8.5,6.0,4.0,8.0,9.5,1.0,7.0,8.5,7.25,7.5,8.5,9.0,4.0,2.6666666666666665,3.0,2.5,3.0,3.0,2.0,3.0,3.0,3.0,3.5,2.0,2.0,2.0
Europe,Central & Eastern Europe,Albania,ALB,5.625,5.25,5.0,6.5,4.5,4.5,3.5,5.5,6.0,7.0,7.0,3.0,6.0,7.0,7.5,7.0,2.5,5.041666666666667,5.5,4.5,6.5,6.0,5.0,5.5,5.5,4.0,4.0,4.5,5.0,4.5
Africa,North Africa,Algeria,DZA,4.5125,4.65,4.5,6.5,5.0,2.0,4.5,6.5,2.0,3.5,6.5,5.5,4.375,1.0,5.0,7.0,4.5,4.625,4.5,4.0,5.0,6.0,4.0,6.0,6.5,4.5,4.5,3.0,4.0,3.5
Europe,Western Europe,Andorra,AND,2.9625,2.55,2.5,3.0,3.0,1.0,1.0,3.5,2.0,3.5,4.5,1.5,3.375,1.0,4.0,1.5,7.0,7.75,7.0,7.0,8.0,8.0,8.0,8.0,8.0,6.0,8.0,8.5,8.0,8.5
Africa,Central Africa,Angola,AGO,5.2875,5.2,6.0,4.0,6.0,7.0,4.5,8.5,3.0,6.0,4.5,2.5,5.375,3.0,5.5,8.0,5.0,4.416666666666667,5.0,4.5,5.0,5.0,3.5,4.5,6.0,5.0,4.0,4.0,3.5,3.0
Americas,Caribbean,Antigua and Barbuda,ATG,3.3375,3.05,4.0,2.0,3.0,1.0,3.5,1.5,3.0,6.0,5.0,1.5,3.625,3.0,3.0,3.0,5.5,4.333333333333333,4.5,5.0,5.0,5.0,3.0,4.0,4.0,2.5,5.0,4.0,4.5,5.5
Americas,South America,Argentina,ARG,4.375,3.75,4.0,3.0,3.0,3.0,3.5,3.0,2.0,6.5,6.5,3.0,5.0,4.0,6.0,5.0,5.0,6.333333333333333,7.0,5.0,6.0,7.0,6.0,6.5,6.0,7.0,6.0,6.0,5.5,8.0
Asia,Central Asia and the Caucasus,Armenia,ARM,3.2625,3.4,3.5,2.0,2.5,4.0,4.5,3.5,4.0,2.0,4.0,4.0,3.125,3.0,3.0,3.5,3.0,5.708333333333333,6.0,6.0,6.5,6.0,4.5,6.0,5.5,6.0,5.5,5.5,5.0,6.0
Oceania,Australia and New Zealand,Australia,AUS,4.0,3.75,3.5,3.0,3.5,3.0,3.5,2.0,3.5,5.0,3.5,7.0,4.25,5.0,6.0,2.0,4.0,7.958333333333333,8.0,8.5,9.0,8.0,8.0,8.0,9.0,7.0,7.0,7.5,7.5,8.0
Europe,Western Europe,Austria,AUT,4.0375,3.95,4.5,5.0,6.5,2.0,2.5,2.0,4.5,3.5,4.5,4.5,4.125,2.0,4.0,4.0,6.5,7.416666666666667,7.0,6.5,7.0,8.0,8.0,8.5,8.0,6.0,7.0,8.0,8.0,7.0
Asia,Central Asia and the Caucasus,Azerbaijan,AZE,5.075,4.15,4.5,3.0,3.0,3.5,3.5,6.0,6.0,3.0,5.0,4.0,6.0,5.5,5.5,7.5,5.5,4.083333333333333,3.5,3.5,5.5,4.0,2.5,4.0,5.0,4.5,4.0,4.0,5.0,3.5
Americas,Caribbean,Bahamas,BHS,3.7875,3.95,4.5,5.0,4.5,1.0,4.5,2.0,4.0,7.0,4.0,3.0,3.625,3.5,2.0,3.0,6.0,5.208333333333333,6.0,6.0,6.0,6.0,3.5,6.0,5.0,4.5,4.0,6.5,5.0,4.0
Asia,Western Asia,Bahrain,BHR,4.825,5.65,7.5,5.5,5.5,4.0,6.0,6.5,5.0,4.0,6.0,6.5,4.0,1.0,6.0,4.0,5.0,5.541666666666667,6.0,5.0,7.0,5.5,5.0,5.0,6.5,5.5,6.0,5.5,5.5,4.0
Asia,Southern Asia,Bangladesh,BGD,4.975,4.95,8.0,6.0,5.0,4.0,5.0,3.5,4.5,3.0,4.0,6.5,5.0,5.5,5.5,7.0,2.0,4.125,3.5,4.0,5.5,5.0,3.0,4.0,5.0,4.5,3.5,3.5,4.0,4.0
Americas,Caribbean,Barbados,BRB,3.2125,2.55,3.5,2.0,4.0,1.0,1.0,2.0,1.0,5.5,4.5,1.0,3.875,5.0,4.5,4.0,2.0,5.708333333333333,5.5,7.0,7.0,6.0,4.5,6.5,6.0,5.0,3.5,5.5,6.0,6.0
Europe,Central & Eastern Europe,Belarus,BLR,5.075,4.4,7.0,5.5,6.5,3.0,2.0,5.0,4.0,2.0,4.0,5.0,5.75,4.0,5.0,9.0,5.0,3.7916666666666665,3.5,2.0,3.0,4.0,3.0,5.0,4.5,4.5,5.0,3.0,5.0,3.0
Europe,Western Europe,Belgium,BEL,4.3375,5.05,5.0,5.5,5.5,2.5,3.5,3.0,4.0,7.5,6.5,7.5,3.625,3.0,4.5,2.0,5.0,7.0,7.0,7.0,8.0,7.0,6.0,7.0,6.0,7.0,7.0,7.5,6.5,8.0
Americas,Central America,Belize,BLZ,4.6375,4.4,5.0,5.0,4.5,5.5,4.5,3.0,3.5,4.5,5.5,3.0,4.875,6.5,3.5,4.5,5.0,3.125,5.0,2.5,3.0,3.0,4.0,4.5,2.0,2.0,1.5,3.0,3.0,4.0
Africa,West Africa,Benin,BEN,5.25,5.25,6.0,4.0,5.5,6.0,5.5,5.0,4.5,6.0,4.0,6.0,5.25,1.0,6.0,6.0,8.0,3.5416666666666665,4.0,4.5,4.0,3.0,3.0,4.0,3.5,3.0,4.0,3.0,2.0,4.5
Asia,Southern Asia,Bhutan,BTN,3.6875,3.75,5.0,3.0,2.0,7.0,5.5,4.5,2.0,1.5,4.0,3.0,3.625,4.0,3.5,3.0,4.0,4.583333333333333,6.0,6.0,4.5,4.5,5.5,5.0,3.5,4.0,5.0,3.5,4.0,3.5
Americas,South America,Bolivia,BOL,4.3,4.6,5.0,2.0,4.0,7.0,5.0,8.0,2.0,8.5,2.5,2.0,4.0,3.5,2.0,6.0,4.5,4.875,5.0,4.0,5.0,6.0,3.5,5.0,5.0,4.5,5.0,5.0,6.0,4.5
Europe,Central & Eastern Europe,Bosnia and Herzegovina,BIH,5.8875,5.15,5.5,7.0,6.0,4.5,4.0,3.0,6.0,4.5,5.5,5.5,6.625,4.0,6.5,8.0,8.0,3.9166666666666665,3.0,4.0,5.0,4.0,3.5,3.5,4.0,4.0,3.5,4.0,4.0,4.5
Africa,Southern Africa,Botswana,BWA,3.7125,3.8,4.5,3.0,3.0,2.0,7.5,3.5,3.5,3.5,4.0,3.5,3.625,1.0,5.5,3.0,5.0,5.625,6.0,5.0,8.0,6.0,6.5,5.0,5.0,4.5,5.5,5.5,4.5,6.0
Americas,South America,Brazil,BRA,6.5,6.5,5.0,4.0,8.0,8.5,8.5,8.0,2.0,9.0,8.0,4.0,6.5,7.5,6.5,8.5,3.5,5.041666666666667,3.0,4.5,7.5,4.5,3.0,5.0,5.5,6.0,6.0,5.0,4.0,6.5
Asia,South-Eastern Asia,Brunei,BRN,2.7625,3.15,4.5,4.0,2.5,3.0,4.0,2.0,2.5,1.5,3.5,4.0,2.375,1.0,2.5,2.0,4.0,4.583333333333333,4.0,4.0,4.5,4.5,4.0,5.0,5.5,5.5,6.5,3.5,4.5,3.5
Europe,Central & Eastern Europe,Bulgaria,BGR,5.425,5.1,6.0,5.0,3.5,5.5,5.0,5.0,6.0,4.0,5.0,6.0,5.75,4.5,6.5,7.5,4.5,5.291666666666667,4.5,5.0,6.5,6.0,5.5,5.5,6.5,6.0,4.5,4.5,5.0,4.0
Africa,West Africa,Burkina Faso,BFA,5.4875,5.35,6.0,4.0,8.0,4.0,6.0,8.5,4.0,4.0,3.0,6.0,5.625,3.5,6.5,6.5,6.0,3.625,3.5,4.0,5.5,5.0,4.0,3.0,3.0,3.0,3.0,2.5,2.0,5.0
Africa,Central Africa,Burundi,BDI,4.5125,4.4,8.5,5.5,8.0,2.0,4.5,4.0,3.0,2.5,3.5,2.5,4.625,1.0,4.5,9.0,4.0,2.0833333333333335,2.5,1.0,1.5,2.5,2.5,1.5,3.0,2.0,2.0,1.5,2.5,2.5
Africa,West Africa,Cabo Verde,CPV,4.0375,3.7,4.5,2.0,2.5,2.5,4.0,1.0,4.0,7.0,5.0,4.5,4.375,2.5,4.0,4.0,7.0,6.333333333333333,6.5,6.0,8.5,7.0,7.0,6.0,7.5,5.0,6.0,3.5,6.0,7.0
Asia,South-Eastern Asia,Cambodia,KHM,5.825,6.15,7.5,6.5,5.0,8.0,8.0,8.0,4.0,2.5,4.5,7.5,5.5,2.5,4.0,8.5,7.0,3.9166666666666665,4.5,3.5,5.0,4.5,4.0,4.5,4.5,4.0,4.0,3.0,3.0,2.5
Africa,Central Africa,Cameroon,CMR,6.3125,6.25,6.5,5.5,6.5,7.0,7.5,7.5,4.5,3.5,7.0,7.0,6.375,4.0,7.5,8.0,6.0,3.125,2.0,1.5,5.0,4.5,2.5,4.0,2.0,3.5,2.5,2.5,2.5,5.0
Americas,North America,Canada,CAN,3.6625,3.45,3.5,4.0,2.5,2.0,3.0,3.0,5.0,3.5,3.0,5.0,3.875,5.0,4.0,2.0,4.5,7.25,7.5,7.0,8.0,8.0,7.0,7.0,6.0,6.5,7.5,8.5,6.0,8.0
Africa,Central Africa,Central African Republic,CAF,7.0375,5.7,7.5,4.5,8.5,6.5,8.0,9.0,1.5,1.5,3.0,7.0,8.375,9.0,8.0,8.5,8.0,1.9166666666666667,1.5,1.5,3.0,2.5,2.0,1.5,1.5,2.0,1.5,3.0,1.0,2.0
Africa,Central Africa,Chad,TCD,5.8625,5.35,7.0,7.0,8.0,1.5,3.5,7.0,2.0,4.5,6.0,7.0,6.375,5.5,6.5,8.5,5.0,2.4583333333333335,3.5,2.5,5.0,2.5,2.0,2.5,3.5,2.0,2.0,1.0,1.0,2.0
Americas,South America,Chile,CHL,4.6,4.45,4.0,4.5,5.5,4.0,4.5,2.0,2.0,7.0,6.5,4.5,4.75,4.0,5.5,4.5,5.0,6.416666666666667,7.0,7.0,8.0,6.0,6.0,4.0,4.0,6.5,7.0,7.0,6.5,8.0
Asia,Eastern Asia,China,CHN,6.0125,5.9,6.5,6.0,2.5,8.5,9.0,4.5,6.5,3.5,4.0,8.0,6.125,7.0,7.5,7.0,3.0,5.458333333333333,6.0,4.0,6.0,7.0,5.0,5.5,7.0,6.0,7.0,4.0,6.0,2.0
Americas,South America,Colombia,COL,7.6625,7.2,7.5,7.0,8.0,6.0,7.0,9.0,5.0,9.5,8.0,5.0,8.125,9.5,9.0,7.0,7.0,5.833333333333333,7.0,5.5,9.0,7.0,5.5,6.0,4.5,6.0,5.0,3.5,4.5,6.5
Africa,Southern Africa,Comoros,COM,3.8625,3.85,5.0,5.5,3.5,3.0,5.5,1.0,4.0,2.0,3.0,6.0,3.875,1.0,4.5,6.0,4.0,2.375,2.0,2.0,3.0,2.5,2.0,2.0,3.0,4.0,3.0,1.5,1.5,2.0
Africa,Central Africa,"Congo, Dem. Rep.",COD,7.75,6.5,7.0,5.5,9.0,8.5,8.0,9.0,4.0,4.5,7.0,2.5,9.0,9.0,9.0,9.0,9.0,2.2916666666666665,1.0,1.0,4.0,3.0,2.5,1.5,2.0,2.0,1.5,2.0,2.0,5.0
Africa,Central Africa,"Congo, Rep.",COG,5.025,4.8,6.5,4.5,5.0,8.0,7.0,3.5,2.5,5.0,4.0,2.0,5.25,3.0,6.0,8.0,4.0,3.25,3.0,1.5,5.0,5.0,2.0,4.5,3.0,3.0,3.0,2.0,4.0,3.0
Americas,Central America,Costa Rica,CRI,4.9875,4.85,5.0,5.0,5.0,5.0,6.0,6.5,1.0,7.0,4.5,3.5,5.125,6.5,6.0,1.5,6.5,5.5,7.0,6.5,6.0,6.5,5.0,5.0,5.0,4.0,4.5,5.0,5.0,6.5
Africa,West Africa,Côte d'Ivoire,CIV,6.15,6.05,6.5,6.5,7.0,6.0,6.5,7.5,3.5,5.0,6.0,6.0,6.25,3.0,7.0,7.0,8.0,4.416666666666667,4.5,4.0,6.0,4.5,5.5,5.0,4.0,5.0,3.5,3.5,3.0,4.5
Europe,Central & Eastern Europe,Croatia,HRV,5.0625,4.75,4.5,6.0,3.5,5.0,2.5,4.5,5.0,5.5,5.5,5.5,5.375,4.0,6.5,6.5,4.5,5.583333333333333,5.0,5.5,6.5,6.0,5.0,6.0,6.5,6.5,4.5,5.5,5.0,5.0
Americas,Caribbean,Cuba,CUB,3.4375,4.0,6.0,6.0,1.5,4.0,3.0,4.0,2.5,4.0,5.0,4.0,2.875,4.0,2.5,4.0,1.0,5.375,6.5,2.5,6.5,6.0,3.0,7.0,8.0,5.5,5.5,4.0,7.0,3.0
Europe,Southern Europe,Cyprus,CYP,4.1875,3.5,5.5,6.0,2.5,2.5,3.0,2.0,2.0,4.5,4.0,3.0,4.875,3.5,5.0,4.0,7.0,4.416666666666667,5.0,5.0,6.5,6.0,4.0,5.5,3.0,3.0,3.5,4.0,3.5,4.0
Europe,Central & Eastern Europe,Czech Republic,CZE,4.625,4.75,5.0,5.0,4.5,3.0,5.5,3.0,4.5,4.5,6.0,6.5,4.5,3.0,5.0,5.5,4.5,6.25,6.0,5.5,7.0,6.5,6.5,7.0,7.0,6.0,6.0,5.5,6.0,6.0
Europe,Northern Europe,Denmark,DNK,3.8625,3.85,4.0,4.5,4.0,1.5,2.0,2.0,5.0,5.5,5.0,5.0,3.875,5.0,4.0,2.0,4.5,8.208333333333334,9.0,9.0,8.5,9.0,7.5,8.0,8.5,5.5,8.5,7.5,8.5,9.0
Africa,East Africa,Djibouti,DJI,3.9875,3.6,6.0,7.0,6.0,2.0,4.0,2.0,2.5,1.5,3.5,1.5,4.375,1.5,5.0,5.0,6.0,4.5,4.5,3.0,6.5,5.5,4.0,4.0,6.0,5.0,5.5,3.0,4.0,3.0
Americas,Caribbean,Dominica,DMA,2.625,2.75,2.5,2.5,5.0,1.0,1.0,1.0,1.0,6.0,5.0,2.5,2.5,1.0,5.0,1.5,2.5,5.083333333333333,3.5,4.0,6.0,5.0,5.0,5.5,6.0,5.0,5.0,5.0,6.0,5.0
Americas,Caribbean,Dominican Republic,DOM,5.15,5.3,6.0,6.0,4.0,4.5,4.0,4.5,6.5,8.0,5.0,4.5,5.0,5.0,5.5,5.5,4.0,4.666666666666667,5.0,3.0,7.0,5.0,4.0,4.5,5.5,4.0,5.0,4.0,4.0,5.0
Americas,South America,Ecuador,ECU,6.25,6.0,6.0,5.5,7.5,6.0,6.0,6.5,6.0,7.0,4.0,5.5,6.5,6.5,5.5,6.5,7.5,5.708333333333333,5.0,5.5,6.0,6.5,5.5,6.0,4.5,7.0,5.5,5.0,5.0,7.0
Africa,North Africa,Egypt,EGY,5.1625,4.95,5.5,5.5,7.0,1.0,5.0,4.0,5.5,2.0,7.0,7.0,5.375,3.0,5.5,8.0,5.0,4.041666666666667,3.5,3.0,4.5,4.5,3.5,5.0,6.0,6.0,4.5,3.0,2.5,2.5
Americas,Central America,El Salvador,SLV,5.9375,5.0,7.0,6.5,7.0,5.0,5.5,1.5,1.5,7.0,7.0,2.0,6.875,9.5,6.5,7.0,4.5,3.7083333333333335,2.5,3.0,5.5,5.0,2.0,3.0,5.0,4.0,2.0,4.0,4.5,4.0
Africa,Central Africa,Equatorial Guinea,GNQ,4.1125,3.85,4.5,2.0,5.0,8.5,5.0,6.0,1.5,1.5,3.5,1.0,4.375,1.0,2.5,9.0,5.0,2.1666666666666665,1.5,1.0,2.0,5.5,2.0,2.0,3.5,2.0,1.5,1.5,1.5,2.0
Africa,East Africa,Eritrea,ERI,4.3375,4.05,9.0,9.5,6.5,1.5,2.0,2.0,3.0,1.5,4.0,1.5,4.625,1.0,5.5,9.5,2.5,2.3333333333333335,1.0,1.0,2.0,2.5,2.0,3.0,7.0,3.0,2.5,1.0,2.0,1.0
Europe,Northern Europe,Estonia,EST,3.6,3.45,4.5,3.0,3.0,1.5,1.5,3.0,3.0,3.5,5.0,6.5,3.75,3.0,5.0,2.0,5.0,7.833333333333333,8.0,8.0,8.5,8.0,8.0,7.0,8.0,7.5,8.0,7.5,8.0,7.5
Africa,Southern Africa,Eswatini,SWZ,3.625,3.25,4.0,3.0,4.0,2.0,2.0,3.0,3.0,3.0,5.5,3.0,4.0,1.5,5.5,5.0,4.0,3.25,3.0,2.5,5.0,4.0,2.5,3.0,3.5,4.0,2.0,3.0,4.0,2.5
Africa,East Africa,Ethiopia,ETH,4.7875,4.95,6.0,6.5,7.0,3.5,5.5,5.5,3.0,4.0,5.5,3.0,4.625,2.0,6.5,4.0,6.0,5.375,5.0,5.0,6.0,6.0,5.0,4.0,6.0,7.0,6.0,4.5,5.0,5.0
Oceania,Melanesia,Fiji,FJI,3.9,3.8,5.0,3.5,2.0,3.0,4.5,2.0,2.0,4.5,5.0,6.5,4.0,1.0,6.5,3.0,5.5,5.25,6.0,5.5,5.0,5.5,4.5,5.0,4.5,6.0,6.0,4.0,5.0,6.0
Europe,Northern Europe,Finland,FIN,2.7125,2.8,3.0,2.5,2.5,1.0,1.5,2.0,3.5,4.0,3.5,4.5,2.625,3.0,3.0,1.5,3.0,8.416666666666666,9.0,8.5,9.0,8.0,8.0,8.0,9.0,8.5,9.0,8.0,8.0,8.0
Europe,Western Europe,France,FRA,5.6625,5.7,6.0,6.5,6.0,4.0,5.5,4.5,6.0,6.5,6.5,5.5,5.625,6.0,6.5,3.0,7.0,6.833333333333333,6.0,7.0,8.5,7.5,6.5,7.0,5.0,8.0,8.0,5.0,6.5,7.0
Africa,Central Africa,Gabon,GAB,4.9,4.8,5.5,5.5,4.5,8.5,7.0,3.0,2.5,2.5,4.0,5.0,5.0,1.0,5.0,8.0,6.0,3.1666666666666665,2.0,2.0,5.0,4.0,3.0,4.5,4.5,2.0,2.0,3.0,3.5,2.5
Africa,West Africa,Gambia,GMB,4.825,5.15,7.0,5.0,2.5,7.0,3.5,4.5,4.5,6.5,7.0,4.0,4.5,1.0,6.5,6.5,4.0,5.0,5.0,5.0,4.5,5.0,5.0,5.5,6.5,5.5,5.5,2.5,3.5,6.5
Asia,Central Asia and the Caucasus,Georgia,GEO,2.9625,3.05,3.5,2.0,2.0,3.5,3.5,3.0,3.5,2.0,3.5,4.0,2.875,2.5,3.0,3.0,3.0,5.708333333333333,5.0,6.5,7.0,6.5,3.5,6.5,5.0,5.0,5.0,7.0,5.5,6.0
Europe,Western Europe,Germany,DEU,4.9,4.8,5.5,7.0,6.0,1.5,3.5,2.5,4.5,6.5,5.0,6.0,5.0,5.0,6.5,2.0,6.5,7.666666666666667,7.0,7.5,8.0,8.0,7.5,7.5,9.0,6.5,7.0,8.0,8.0,8.0
Africa,West Africa,Ghana,GHA,6.0125,6.15,6.5,5.0,5.0,6.5,6.0,7.5,6.0,6.5,5.5,7.0,5.875,3.0,6.5,7.5,6.5,5.375,5.5,5.5,6.5,5.0,5.0,4.5,6.0,6.0,6.0,3.5,4.0,7.0
Europe,Southern Europe,Greece,GRC,4.925,4.1,5.5,7.5,3.5,2.0,2.5,3.0,6.0,3.5,5.0,2.5,5.75,3.0,6.5,7.5,6.0,5.25,5.5,5.0,6.5,6.0,4.5,5.0,5.5,5.5,5.5,4.0,5.0,5.0
Americas,Caribbean,Grenada,GRD,3.05,2.85,2.0,1.0,3.0,1.0,2.5,3.0,1.0,6.5,7.0,1.5,3.25,4.0,2.0,3.0,4.0,4.666666666666667,5.0,5.0,5.0,5.0,5.0,6.0,6.0,4.0,5.0,3.0,4.0,3.0
Americas,Central America,Guatemala,GTM,6.475,5.95,6.5,7.0,7.0,4.0,4.0,2.5,7.5,8.5,6.5,6.0,7.0,7.5,6.0,7.0,7.5,4.416666666666667,3.5,4.0,5.5,5.5,4.0,5.0,3.5,5.0,4.0,4.0,4.0,5.0
Africa,West Africa,Guinea,GIN,5.2,5.15,7.0,3.0,6.0,4.5,6.0,6.5,2.5,7.0,4.5,4.5,5.25,1.0,5.0,8.0,7.0,2.8333333333333335,2.0,3.0,4.0,3.5,3.0,3.5,3.0,3.0,3.0,1.5,1.5,3.0
Africa,West Africa,Guinea-Bissau,GNB,5.45,4.9,5.5,2.5,5.5,8.5,5.5,1.0,5.0,8.0,5.5,2.0,6.0,1.0,8.0,8.5,6.5,2.4166666666666665,2.0,2.5,3.0,3.0,3.0,3.0,3.0,2.5,1.5,1.0,1.5,3.0
Americas,South America,Guyana,GUY,5.1,4.7,5.5,4.0,5.0,4.5,3.5,8.5,2.5,8.0,3.0,2.5,5.5,3.0,5.0,8.0,6.0,4.291666666666667,5.0,3.0,5.0,3.0,4.0,2.5,5.0,4.0,5.0,5.0,5.0,5.0
Americas,Caribbean,Haiti,HTI,5.725,5.45,6.5,6.5,5.5,6.5,4.0,6.0,2.0,8.0,6.0,3.5,6.0,8.0,6.0,7.0,3.0,2.6666666666666665,2.0,2.0,3.0,4.0,3.0,2.0,2.0,3.0,2.0,1.5,3.0,4.5
Americas,Central America,Honduras,HND,6.975,5.7,6.5,6.5,6.0,7.0,6.0,5.0,2.0,7.5,7.5,3.0,8.25,8.5,8.0,8.5,8.0,3.9166666666666665,2.5,3.5,5.5,4.0,3.0,4.5,4.5,4.0,3.5,3.0,4.5,4.5
Europe,Central & Eastern Europe,Hungary,HUN,4.5,4.75,6.0,6.0,3.5,3.5,4.5,3.5,4.5,5.0,5.5,5.5,4.25,1.0,4.0,7.0,5.0,5.083333333333333,4.5,3.5,5.0,5.5,5.0,6.0,7.0,5.5,4.5,4.5,6.0,4.0
Europe,Northern Europe,Iceland,ISL,3.3875,2.65,4.0,3.0,1.5,1.0,1.5,1.0,1.5,4.5,4.0,4.5,4.125,4.5,5.0,2.0,5.0,8.041666666666666,7.0,7.5,8.5,8.5,8.5,8.5,8.5,8.0,8.5,7.0,7.5,8.5
Asia,Southern Asia,India,IND,5.525,6.3,7.0,6.0,5.5,5.5,8.0,7.0,6.5,3.5,7.5,6.5,4.75,3.5,6.0,6.0,3.5,5.25,4.0,5.5,7.5,4.5,5.0,5.5,6.5,6.0,5.0,3.5,5.0,5.0
Asia,South-Eastern Asia,Indonesia,IDN,6.375,6.0,6.5,6.0,4.5,7.5,8.0,7.5,3.5,4.0,6.5,6.0,6.75,6.0,7.5,7.5,6.0,4.333333333333333,4.0,3.5,5.5,5.0,3.5,4.0,4.0,4.5,4.5,5.0,4.5,4.0
Asia,Western Asia,Iran,IRN,7.1,6.95,7.5,8.0,8.0,4.5,4.0,8.5,9.0,5.5,6.0,8.5,7.25,7.0,7.5,9.5,5.0,3.5,3.0,2.5,4.5,4.0,3.5,3.5,5.5,2.5,3.0,4.0,3.0,3.0
Asia,Western Asia,Iraq,IRQ,7.05,6.35,8.0,8.5,9.0,1.5,4.5,9.0,6.0,5.0,6.0,6.0,7.75,6.5,7.5,8.0,9.0,3.7916666666666665,4.5,3.0,4.0,4.0,4.0,3.5,3.5,4.0,3.5,3.0,4.0,4.5
Europe,Western Europe,Ireland,IRL,4.9,4.55,4.5,4.0,4.0,2.0,4.0,5.0,5.5,6.5,5.0,5.0,5.25,6.0,5.5,3.0,6.5,7.375,7.0,8.0,8.0,8.0,7.0,7.0,8.0,8.0,8.0,7.0,5.5,7.0
Asia,Western Asia,Israel,ISR,4.4125,4.2,5.5,2.5,5.5,1.5,2.0,5.5,3.0,4.5,6.5,5.5,4.625,5.5,4.0,5.0,4.0,6.0,6.0,5.0,6.0,7.0,5.0,5.5,3.5,7.0,7.0,6.0,6.0,8.0
Europe,Southern Europe,Italy,ITA,5.8125,5.25,7.0,6.5,5.5,2.5,3.5,5.5,4.5,7.5,5.0,5.0,6.375,9.0,3.0,6.5,7.0,6.291666666666667,6.5,5.0,8.5,8.0,5.0,7.5,6.5,5.5,5.0,5.5,5.5,7.0
Americas,Caribbean,Jamaica,JAM,5.9125,4.2,5.0,3.0,8.5,1.5,2.0,1.0,3.0,6.0,9.0,3.0,7.625,8.0,7.5,8.0,7.0,5.458333333333333,5.0,5.5,6.5,5.5,4.0,6.0,6.5,4.5,4.5,5.0,6.0,6.5
Asia,Eastern Asia,Japan,JPN,4.525,4.05,5.0,4.5,3.0,4.0,6.0,3.0,2.0,3.0,4.5,5.5,5.0,6.5,5.5,3.0,5.0,7.458333333333333,6.0,7.5,9.0,7.5,8.0,7.5,8.5,8.0,8.0,5.5,6.0,8.0
Asia,Western Asia,Jordan,JOR,4.7125,4.55,6.5,5.5,6.5,3.5,3.5,1.5,3.5,3.0,6.0,6.0,4.875,1.5,7.0,6.5,4.5,5.916666666666667,7.0,5.0,8.0,6.5,4.5,7.0,6.0,6.5,4.0,4.5,6.5,5.5
Asia,Central Asia and the Caucasus,Kazakhstan,KAZ,4.2625,4.15,5.5,4.0,2.0,2.0,5.0,4.5,6.5,2.5,4.5,5.0,4.375,3.5,4.0,6.0,4.0,4.708333333333333,5.0,4.0,5.5,5.5,5.0,4.5,5.0,5.0,5.0,4.5,4.0,3.5
Africa,East Africa,Kenya,KEN,6.95,6.65,7.5,7.0,7.5,6.0,7.0,7.0,7.5,6.0,6.5,4.5,7.25,7.0,7.5,8.0,6.5,5.208333333333333,5.0,4.5,7.0,6.0,5.5,4.5,6.0,6.0,5.0,3.0,3.5,6.5
Oceania,Melanesia,Kiribati,KIR,2.35,2.45,4.5,1.5,2.0,1.0,6.5,2.0,1.0,3.0,2.0,1.0,2.25,1.0,4.0,1.5,2.5,4.333333333333333,5.5,5.5,5.5,6.0,4.0,5.0,4.0,4.0,3.0,1.0,3.0,5.5
Asia,Western Asia,Kuwait,KWT,5.1375,6.15,8.0,6.5,6.5,5.5,6.0,6.0,5.0,4.5,6.5,7.0,4.125,1.0,6.0,6.0,3.5,5.541666666666667,5.0,4.5,6.0,5.5,5.5,6.0,5.5,5.5,6.5,5.5,5.5,5.5
Asia,Central Asia and the Caucasus,Kyrgyzstan,KGZ,5.325,4.4,6.5,4.5,3.0,2.0,3.5,5.5,7.0,2.0,5.5,4.5,6.25,5.5,6.5,8.5,4.5,4.166666666666667,3.5,3.0,4.5,5.0,3.0,3.5,4.5,3.0,5.0,4.5,5.0,5.5
Asia,South-Eastern Asia,Laos,LAO,5.5125,5.65,6.5,6.5,4.5,8.0,8.0,1.5,7.0,2.5,4.0,8.0,5.375,1.5,6.0,6.0,8.0,3.4166666666666665,3.0,2.5,3.5,4.0,3.0,4.0,2.5,3.5,4.0,4.0,3.5,3.5
Europe,Northern Europe,Latvia,LVA,3.5125,3.65,4.5,3.5,3.5,1.0,2.0,2.0,4.5,5.0,5.5,5.0,3.375,3.5,3.5,2.0,4.5,7.416666666666667,7.5,6.0,8.5,8.0,7.5,7.5,8.5,5.5,8.0,7.5,7.5,7.0
Asia,Western Asia,Lebanon,LBN,6.7625,5.9,8.5,6.5,7.5,1.5,3.0,5.0,4.0,6.0,9.0,8.0,7.625,6.0,7.0,9.5,8.0,4.0,4.5,3.5,6.5,4.0,4.0,3.5,3.0,3.0,2.0,5.0,3.5,5.5
Africa,Southern Africa,Lesotho,LSO,3.9,3.55,4.0,3.0,3.0,1.0,2.5,5.5,3.5,5.5,4.5,3.0,4.25,1.0,5.0,6.0,5.0,3.6666666666666665,4.0,3.5,6.0,5.5,3.0,3.0,2.5,5.0,3.0,2.5,2.0,4.0
Africa,West Africa,Liberia,LBR,5.05,5.1,6.0,3.0,4.5,5.5,6.0,6.5,5.0,5.5,6.0,3.0,5.0,3.0,6.0,6.0,5.0,3.1666666666666665,3.5,3.0,3.0,3.0,3.5,4.0,4.0,3.0,4.0,1.0,2.0,4.0
Africa,North Africa,Libya,LBY,6.55,6.1,9.5,8.0,9.5,1.0,3.5,8.5,2.5,4.0,7.5,7.0,7.0,8.0,7.5,8.5,4.0,1.5416666666666667,1.5,1.5,2.5,2.0,1.5,1.5,1.5,1.0,2.0,1.0,1.0,1.5
Europe,Western Europe,Liechtenstein,LIE,1.875,2.0,2.0,1.5,2.5,1.5,1.5,1.5,2.0,2.5,3.0,2.0,1.75,1.0,1.5,1.5,3.0,8.416666666666666,9.0,8.0,7.5,9.0,9.0,8.0,9.5,5.0,8.5,9.5,9.5,8.5
Europe,Northern Europe,Lithuania,LTU,3.3125,3.0,3.5,2.5,2.5,1.0,2.0,2.0,4.0,4.5,4.0,4.0,3.625,3.5,4.0,4.0,3.0,7.208333333333333,7.5,7.0,7.5,7.0,7.5,7.0,8.0,6.5,7.5,7.0,6.5,7.5
Europe,Western Europe,Luxembourg,LUX,2.3625,2.35,3.5,2.0,2.0,1.0,1.5,1.5,3.5,3.0,2.5,3.0,2.375,1.0,2.0,1.5,5.0,7.5,8.0,6.5,9.0,7.0,7.5,7.0,8.0,6.0,8.0,7.0,8.0,8.0
Africa,Southern Africa,Madagascar,MDG,5.5875,5.3,6.0,3.0,4.5,7.5,7.0,7.5,7.0,2.5,6.0,2.0,5.875,4.0,5.0,7.5,7.0,3.375,4.0,2.0,3.0,4.0,3.0,3.5,5.0,5.0,2.0,2.0,4.0,3.0
Africa,Southern Africa,Malawi,MWI,3.825,4.15,4.5,3.5,4.5,4.0,6.0,4.0,4.5,2.5,6.0,2.0,3.5,2.0,3.0,4.0,5.0,4.291666666666667,5.0,4.5,4.5,5.5,4.0,4.0,3.0,6.0,4.0,2.0,3.5,5.5
Asia,South-Eastern Asia,Malaysia,MYS,5.9375,6.25,6.5,7.0,5.5,6.0,8.0,5.5,6.5,5.0,5.0,7.5,5.625,4.5,5.5,6.0,6.5,5.833333333333333,4.5,5.5,7.0,7.0,5.0,5.5,5.5,5.5,7.0,6.0,6.0,5.5
Asia,Southern Asia,Maldives,MDV,4.0625,3.5,6.0,5.5,2.0,1.0,5.0,1.0,6.0,3.5,3.0,2.0,4.625,5.0,5.0,4.0,4.5,3.875,5.0,5.0,5.0,5.0,3.0,4.0,3.0,3.5,3.0,2.0,3.0,5.0
Africa,West Africa,Mali,MLI,5.8875,6.15,7.0,6.0,8.0,5.0,5.5,7.5,3.0,6.0,7.0,6.5,5.625,3.0,7.0,8.5,4.0,2.375,2.0,3.0,4.0,2.5,2.5,2.0,1.5,2.5,2.0,1.5,2.0,3.0
Europe,Southern Europe,Malta,MLT,4.65,4.05,5.0,4.0,2.5,1.0,5.0,5.0,3.0,5.0,4.5,5.5,5.25,1.5,7.0,7.5,5.0,5.166666666666667,4.5,4.5,7.5,6.0,4.5,4.0,4.5,4.5,6.5,7.5,4.0,4.0
Oceania,Micronesia,Marshall Islands,MHL,2.3125,2.5,4.5,2.0,1.5,1.0,6.5,1.0,1.5,2.0,2.5,2.5,2.125,1.0,2.0,2.0,3.5,5.041666666666667,5.5,4.5,5.0,6.0,6.5,4.0,5.5,4.0,6.0,3.5,4.0,6.0
Africa,North Africa,Mauritania,MRT,4.375,4.0,7.5,6.0,4.0,1.0,3.5,3.5,1.5,4.5,6.5,2.0,4.75,2.5,4.5,7.0,5.0,3.0833333333333335,4.0,3.5,3.0,3.5,2.5,3.0,4.5,4.0,3.0,1.5,2.0,2.5
Africa,Southern Africa,Mauritius,MUS,4.5125,4.4,4.5,3.5,2.0,2.0,3.0,4.0,8.0,3.5,5.5,8.0,4.625,2.0,6.0,6.0,4.5,5.666666666666667,6.0,6.0,6.5,6.0,5.5,5.5,5.5,3.5,7.0,5.5,5.0,6.0
Americas,Central America,Mexico,MEX,7.5625,8.0,7.5,8.5,8.0,7.5,7.0,7.5,8.0,9.0,8.0,9.0,7.125,9.0,9.0,7.0,3.5,4.458333333333333,3.0,4.0,7.0,6.0,4.0,5.0,3.0,4.0,5.0,3.5,4.0,5.0
Oceania,Micronesia,Micronesia (Federated States of),FSM,3.3,2.85,5.0,3.0,1.5,1.0,6.5,1.0,1.0,3.0,3.5,3.0,3.75,1.0,5.5,3.0,5.5,5.333333333333333,6.5,5.0,5.5,5.5,5.5,6.0,6.0,4.0,4.0,4.5,5.5,6.0
Europe,Central & Eastern Europe,Moldova,MDA,4.45,3.9,7.5,4.0,5.0,2.5,2.0,3.0,3.0,2.5,4.5,5.0,5.0,4.0,4.0,7.0,5.0,3.7083333333333335,3.5,3.5,4.5,5.0,3.0,3.5,2.0,3.5,4.0,5.0,3.0,4.0
Europe,Southern Europe,Monaco,MCO,2.425,1.6,1.5,1.0,1.5,1.0,1.0,1.5,2.0,2.0,2.5,2.0,3.25,1.0,3.0,3.5,5.5,5.375,3.5,4.0,5.0,6.0,8.0,7.0,6.0,4.5,4.0,8.0,4.5,4.0
Asia,Eastern Asia,Mongolia,MNG,4.0125,3.9,4.5,3.0,3.5,5.5,4.5,4.0,2.0,2.0,4.0,6.0,4.125,2.0,4.5,4.5,5.5,5.083333333333333,5.0,5.0,6.0,6.5,4.0,5.0,5.0,4.0,3.5,4.0,6.5,6.5
Europe,Central & Eastern Europe,Montenegro,MNE,6.0,5.0,4.5,5.5,6.0,3.0,4.5,3.5,5.5,7.5,5.5,4.5,7.0,7.5,7.0,7.5,6.0,4.458333333333333,3.5,4.0,5.5,5.0,4.5,3.5,5.0,5.0,4.0,4.0,5.0,4.5
Africa,North Africa,Morocco,MAR,4.7875,4.95,5.5,6.5,3.0,3.0,4.5,3.0,3.0,6.0,9.0,6.0,4.625,1.0,6.5,7.0,4.0,4.625,4.5,3.5,6.0,6.0,4.0,5.5,6.0,3.5,4.5,4.5,4.0,3.5
Africa,Southern Africa,Mozambique,MOZ,6.525,6.05,4.0,5.0,5.5,8.0,8.0,8.0,7.5,3.5,4.0,7.0,7.0,3.5,8.0,9.0,7.5,3.2916666666666665,3.0,3.5,5.0,5.5,2.0,2.0,3.5,3.0,4.0,3.0,2.0,3.0
Asia,South-Eastern Asia,Myanmar,MMR,7.5875,7.05,6.5,7.5,8.0,7.0,8.0,6.5,9.5,3.5,4.5,9.5,8.125,9.0,7.5,8.5,7.5,3.4166666666666665,3.0,3.0,5.0,4.5,3.5,4.0,3.0,3.0,3.0,2.0,3.0,4.0
Africa,Southern Africa,Namibia,NAM,4.325,3.9,3.5,2.5,3.0,6.5,4.5,4.0,3.0,4.5,3.0,4.5,4.75,3.0,5.0,5.0,6.0,4.958333333333333,5.0,5.0,7.0,6.5,4.5,4.5,3.5,4.5,5.0,4.0,4.0,6.0
Oceania,Micronesia,Nauru,NRU,1.7625,1.65,1.5,2.5,1.0,1.0,3.0,3.5,1.0,1.0,1.0,1.0,1.875,1.0,1.0,3.5,2.0,4.666666666666667,5.0,4.5,6.0,6.5,6.0,5.5,7.5,6.0,4.0,2.0,1.0,2.0
Asia,Southern Asia,Nepal,NPL,6.1625,5.7,7.0,6.5,6.0,7.0,7.0,6.5,4.5,3.5,5.0,4.0,6.625,4.5,6.5,8.5,7.0,3.7083333333333335,2.5,2.0,4.5,3.5,3.0,4.5,4.0,3.0,4.5,4.5,3.5,5.0
Europe,Western Europe,Netherlands,NLD,4.6875,5.0,5.5,4.5,5.0,3.0,4.0,4.0,4.0,7.0,5.5,7.5,4.375,4.5,6.0,2.5,4.5,7.416666666666667,7.5,8.0,8.0,7.5,7.5,7.5,6.0,6.5,6.5,8.0,8.0,8.0
Oceania,Australia and New Zealand,New Zealand,NZL,3.25,3.25,3.5,3.5,3.0,2.0,3.5,1.5,3.0,3.0,4.0,5.5,3.25,4.5,3.5,1.5,3.5,8.375,8.5,8.5,8.5,8.5,8.0,8.5,8.5,8.0,8.5,8.5,8.0,8.5
Americas,Central America,Nicaragua,NIC,6.0625,5.5,6.0,5.5,6.0,6.0,6.0,6.0,2.5,7.5,6.0,3.5,6.625,5.0,6.5,9.0,6.0,2.4583333333333335,2.0,1.0,2.5,3.5,2.5,3.0,2.5,3.0,2.0,2.0,3.5,2.0
Africa,West Africa,Niger,NER,6.0125,5.9,7.0,7.0,8.0,2.0,4.5,7.5,3.0,6.0,7.0,7.0,6.125,4.0,7.0,8.5,5.0,3.2083333333333335,3.5,2.5,5.5,4.0,2.5,4.0,4.0,3.0,3.0,2.0,2.0,2.5
Africa,West Africa,Nigeria,NGA,7.15,7.05,7.5,6.0,8.0,6.0,6.5,8.0,6.0,6.5,8.0,8.0,7.25,5.5,9.0,7.5,7.0,5.5,5.5,5.0,7.0,7.0,4.5,4.5,4.5,5.0,6.5,5.0,5.0,6.5
Asia,Eastern Asia,"Korea, DPR",PRK,4.775,5.3,8.0,6.5,9.0,1.0,3.0,7.0,3.5,2.0,6.0,7.0,4.25,1.0,2.0,10.0,4.0,1.9583333333333333,3.5,1.0,2.0,2.0,1.5,1.5,6.0,1.0,1.5,1.0,1.0,1.5
Europe,Central & Eastern Europe,North Macedonia,MKD,5.3125,5.0,5.5,6.5,4.5,4.0,3.5,3.0,6.5,5.0,6.0,5.5,5.625,4.0,6.5,6.0,6.0,5.208333333333333,5.0,4.5,6.0,5.0,5.0,5.0,6.0,5.5,4.5,5.0,5.0,6.0
Europe,Northern Europe,Norway,NOR,3.8125,4.0,5.0,3.5,3.5,2.5,4.0,3.5,5.0,4.5,4.0,4.5,3.625,4.5,4.0,2.0,4.0,7.916666666666667,8.0,8.5,9.0,8.5,8.0,8.5,8.0,7.0,7.5,7.5,7.0,7.5
Asia,Western Asia,Oman,OMN,4.1375,4.9,6.0,4.0,5.0,5.0,5.0,5.5,5.0,3.0,4.5,6.0,3.375,1.0,5.0,4.0,3.5,5.25,4.5,4.5,6.5,6.5,5.5,7.5,5.5,5.0,4.5,4.0,4.0,5.0
Asia,Southern Asia,Pakistan,PAK,6.275,6.3,8.0,7.0,8.0,4.5,5.0,5.5,8.5,3.0,7.0,6.5,6.25,6.0,7.5,7.0,4.5,4.0,3.5,3.5,5.0,5.0,3.0,4.0,4.0,4.0,4.0,3.5,4.0,4.5
Oceania,Micronesia,Palau,PLW,2.9375,3.0,4.0,3.0,1.5,1.0,6.5,1.5,1.5,3.0,3.0,5.0,2.875,1.0,4.0,2.0,4.5,4.541666666666667,6.5,5.5,6.0,5.5,3.0,5.0,4.0,4.5,4.0,2.0,4.0,4.5
Americas,Central America,Panama,PAN,6.675,6.35,8.0,5.5,6.5,6.0,8.0,6.0,5.0,8.5,5.0,5.0,7.0,7.5,7.0,7.5,6.0,4.833333333333333,4.5,4.0,6.0,6.0,3.0,4.5,6.0,4.5,6.0,4.0,4.0,5.5
Oceania,Melanesia,Papua New Guinea,PNG,5.4375,5.0,7.0,4.0,5.5,8.0,5.0,5.5,1.0,4.0,5.5,4.5,5.875,1.0,8.0,8.0,6.5,3.4166666666666665,3.0,2.0,4.5,5.0,4.5,3.0,3.0,4.5,3.0,3.0,2.5,3.0
Americas,South America,Paraguay,PRY,6.7,5.9,7.0,6.0,8.5,6.0,6.5,3.5,1.0,7.0,9.0,4.5,7.5,6.0,7.5,8.0,8.5,3.375,2.0,3.0,5.0,3.0,3.0,3.0,5.0,2.5,4.0,2.0,3.0,5.0
Americas,South America,Peru,PER,6.35,6.2,7.0,6.0,5.5,7.0,5.5,9.0,3.5,9.0,5.5,4.0,6.5,6.0,8.0,7.0,5.0,4.583333333333333,3.0,5.5,5.0,6.0,6.0,5.0,5.0,4.5,4.0,3.5,3.0,4.5
Asia,South-Eastern Asia,Philippines,PHL,6.8375,6.3,7.0,5.0,7.5,7.0,7.5,8.0,4.0,3.5,4.5,9.0,7.375,8.0,6.0,8.0,7.5,4.125,3.0,3.0,5.0,5.0,4.5,2.0,4.0,5.0,6.0,5.0,4.0,3.0
Europe,Central & Eastern Europe,Poland,POL,4.0125,4.4,5.5,4.5,3.5,2.0,2.5,5.5,4.0,4.5,5.5,6.5,3.625,2.0,5.5,3.5,3.5,6.125,5.5,4.0,7.0,7.0,5.5,6.5,7.5,7.0,7.5,5.0,6.0,5.0
Europe,Southern Europe,Portugal,PRT,4.55,4.1,4.5,4.0,4.0,3.5,3.5,3.0,4.5,5.0,4.5,4.5,5.0,4.5,6.0,4.5,5.0,6.458333333333333,7.0,5.5,7.5,7.0,5.5,7.5,6.0,6.5,5.5,7.0,5.5,7.0
Asia,Western Asia,Qatar,QAT,5.2125,5.8,8.0,6.0,6.5,5.0,6.5,5.0,4.5,4.0,6.0,6.5,4.625,1.0,6.0,6.0,5.5,5.583333333333333,5.0,5.5,5.5,5.0,5.0,5.5,7.0,6.0,6.0,6.0,6.0,4.5
Europe,Central & Eastern Europe,Romania,ROU,4.5875,5.05,6.5,5.5,3.5,6.0,5.0,4.0,5.5,5.5,4.5,4.5,4.125,4.0,5.0,3.5,4.0,5.583333333333333,5.5,5.5,6.5,6.0,6.0,5.5,6.5,5.5,5.0,5.0,5.0,5.0
Europe,Central & Eastern Europe,Russia,RUS,6.2375,6.1,6.5,6.0,4.5,7.5,7.5,5.0,7.0,4.5,5.0,7.5,6.375,4.5,7.5,8.5,5.0,4.041666666666667,4.0,3.0,4.5,5.5,4.0,4.5,5.5,4.0,4.0,2.5,3.5,3.5
Africa,Central Africa,Rwanda,RWA,3.675,4.1,5.0,2.5,5.0,3.0,5.0,8.0,3.0,2.5,4.0,3.0,3.25,1.0,3.0,5.0,4.0,5.5,5.5,5.5,5.0,6.0,5.0,7.0,6.0,6.0,6.0,5.5,5.0,3.5
Oceania,Polynesia,Samoa,WSM,2.0375,2.45,3.5,2.0,3.0,1.5,2.0,2.0,1.0,2.5,4.5,2.5,1.625,1.0,2.0,1.5,2.0,5.666666666666667,4.5,5.0,5.0,6.5,6.0,6.5,7.5,6.0,3.0,5.0,6.0,7.0
Europe,Southern Europe,San Marino,SMR,3.0125,1.9,2.0,1.5,3.0,1.0,1.0,1.5,2.0,3.5,2.5,1.0,4.125,2.0,4.0,4.5,6.0,5.125,4.0,4.0,5.5,5.5,6.5,5.0,6.0,4.0,5.5,5.5,4.5,5.5
Africa,Central Africa,São Tomé and Príncipe,STP,1.775,1.8,1.5,1.5,2.0,2.5,2.0,1.0,2.0,2.0,2.5,1.0,1.75,1.0,2.0,2.0,2.0,4.916666666666667,6.0,5.0,7.0,7.0,6.0,5.0,5.0,3.0,3.0,4.0,3.0,5.0
Asia,Western Asia,Saudi Arabia,SAU,6.0125,6.9,8.5,7.5,8.0,5.0,7.0,7.0,6.5,5.5,6.5,7.5,5.125,3.0,6.5,8.0,3.0,4.291666666666667,3.0,3.5,5.0,4.5,3.0,4.5,5.0,5.5,5.0,4.5,5.0,3.0
Africa,West Africa,Senegal,SEN,4.8125,5.0,5.0,5.0,4.5,7.5,7.0,3.5,2.5,6.5,6.0,2.5,4.625,2.5,5.5,4.5,6.0,5.583333333333333,5.5,4.0,6.0,6.5,5.0,6.0,6.5,5.0,5.5,5.0,5.0,7.0
Europe,Central & Eastern Europe,Serbia,SRB,6.2125,5.55,5.0,6.5,7.5,4.0,4.0,4.0,7.0,5.5,6.0,6.0,6.875,6.0,7.0,8.0,6.5,4.916666666666667,4.5,4.0,6.0,5.0,5.0,5.0,6.0,5.5,5.0,4.0,5.5,3.5
Africa,Southern Africa,Seychelles,SYC,3.675,3.6,4.0,3.5,3.5,4.0,4.0,1.0,7.5,3.0,3.0,2.5,3.75,2.0,4.5,4.5,4.0,4.583333333333333,5.0,5.0,6.0,5.5,6.0,4.0,4.5,3.0,3.0,4.0,5.0,4.0
Africa,West Africa,Sierra Leone,SLE,5.4,5.05,5.0,4.0,3.5,6.5,6.5,6.5,2.0,4.5,7.0,5.0,5.75,3.5,5.5,7.0,7.0,3.4583333333333335,3.5,3.5,4.0,2.5,2.0,4.0,4.0,3.5,3.0,2.5,4.0,5.0
Asia,South-Eastern Asia,Singapore,SGP,3.125,3.25,5.5,2.5,2.0,2.0,5.0,1.5,4.0,3.0,2.0,5.0,3.0,3.0,3.5,1.5,4.0,7.708333333333333,7.5,7.5,9.0,8.5,9.0,9.0,8.0,7.0,8.0,7.0,9.0,3.0
Europe,Central & Eastern Europe,Slovakia,SVK,4.6875,4.25,5.5,3.5,4.5,3.5,3.0,3.0,4.5,4.5,5.0,5.5,5.125,3.0,6.0,6.5,5.0,5.375,5.5,5.0,7.0,6.5,5.0,5.5,6.0,5.0,4.5,4.5,5.0,5.0
Europe,Central & Eastern Europe,Slovenia,SVN,4.2875,3.95,4.0,5.5,3.5,2.0,3.0,2.5,4.0,4.5,5.0,5.5,4.625,3.0,4.5,6.0,5.0,6.083333333333333,6.0,5.0,6.5,6.5,6.0,6.0,7.5,6.5,5.0,6.0,6.0,6.0
Oceania,Melanesia,Solomon Islands,SLB,4.15,3.55,4.0,2.0,3.0,8.0,7.5,2.5,1.0,2.5,3.5,1.5,4.75,1.0,4.5,7.0,6.5,5.208333333333333,5.0,4.5,5.5,4.5,5.5,6.0,5.0,5.0,5.0,4.5,6.5,5.5
Africa,East Africa,Somalia,SOM,5.7875,4.45,8.0,7.5,8.5,6.0,4.5,2.0,2.0,2.0,2.0,2.0,7.125,9.5,7.5,7.0,4.5,1.6666666666666667,1.0,1.0,2.0,2.0,2.0,1.5,1.5,2.5,1.5,1.0,1.5,2.5
Africa,Southern Africa,South Africa,ZAF,6.625,6.0,4.5,4.0,8.0,3.5,7.5,7.5,7.5,5.5,3.5,8.5,7.25,7.0,7.0,7.5,7.5,5.791666666666667,6.0,5.5,6.5,6.5,6.0,5.0,6.0,6.0,6.0,4.0,5.0,7.0
Asia,Eastern Asia,"Korea, Rep.",KOR,4.9125,3.95,6.0,4.5,3.5,4.0,4.5,2.0,3.5,3.5,3.0,5.0,5.875,6.5,6.0,4.5,6.5,7.541666666666667,8.0,7.0,8.0,8.0,8.5,8.0,7.0,7.0,6.5,6.5,8.0,8.0
Africa,East Africa,South Sudan,SSD,6.3375,5.3,8.5,5.5,8.0,7.5,7.0,8.0,2.0,1.5,4.0,1.0,7.375,4.5,8.0,9.0,8.0,1.8333333333333333,2.0,1.0,2.0,3.0,2.0,2.0,1.5,1.5,2.5,1.0,1.5,2.0
Europe,Southern Europe,Spain,ESP,5.775,5.3,7.0,7.0,4.0,3.5,5.0,2.0,6.5,7.0,7.0,4.0,6.25,6.0,6.5,5.0,7.5,6.625,6.0,6.0,8.0,8.0,7.0,8.0,5.5,6.5,6.0,6.5,5.0,7.0
Asia,Southern Asia,Sri Lanka,LKA,4.6375,4.65,5.5,6.0,5.0,3.0,4.5,3.0,6.0,3.0,5.5,5.0,4.625,4.0,5.0,7.0,2.5,4.041666666666667,4.0,3.5,5.5,5.5,3.5,3.5,4.0,5.0,5.0,3.0,2.5,3.5
Americas,Caribbean,St. Kitts and Nevis,KNA,4.1,3.2,3.0,2.5,5.0,1.5,2.0,2.0,1.0,7.0,7.0,1.0,5.0,1.0,6.5,6.5,6.0,5.0,6.0,5.0,6.0,6.5,7.0,4.5,6.0,5.5,2.0,2.5,4.0,5.0
Americas,Caribbean,St. Lucia,LCA,4.0875,3.05,4.0,1.5,5.0,2.0,1.0,1.0,1.0,7.0,7.0,1.0,5.125,5.0,4.0,5.5,6.0,5.625,7.5,6.5,6.5,6.5,6.0,4.5,5.5,4.0,5.5,5.0,6.0,4.0
Americas,Caribbean,St. Vincent and the Grenadines,VCT,3.3,2.85,2.5,1.0,4.0,1.0,2.0,1.0,1.0,7.5,7.5,1.0,3.75,2.0,5.0,2.0,6.0,5.458333333333333,6.0,6.0,6.0,6.5,6.0,4.5,6.0,5.5,4.0,3.0,6.0,6.0
Africa,East Africa,Sudan,SDN,6.4625,5.55,8.0,7.5,8.5,1.5,5.5,7.5,2.0,2.5,8.0,4.5,7.375,6.5,7.5,8.0,7.5,2.9583333333333335,3.0,2.0,5.0,4.5,3.5,3.5,2.5,4.0,2.5,1.0,2.0,2.0
Americas,South America,Suriname,SUR,4.9,4.55,4.0,4.0,5.5,5.0,3.5,9.0,1.5,8.5,2.5,2.0,5.25,2.5,5.0,8.0,5.5,2.25,3.0,2.0,3.0,2.0,2.0,2.0,2.0,1.0,1.5,2.0,2.5,4.0
Europe,Northern Europe,Sweden,SWE,4.5625,4.25,4.5,5.5,6.0,2.0,3.5,2.0,4.0,4.5,5.0,5.5,4.875,5.5,5.5,2.5,6.0,7.458333333333333,7.0,9.0,8.5,7.0,7.0,6.5,8.0,7.5,7.5,6.0,7.0,8.5
Europe,Western Europe,Switzerland,CHE,4.3375,4.3,5.0,3.0,6.5,1.5,3.0,7.0,2.5,5.5,5.5,3.5,4.375,4.5,4.0,1.5,7.5,7.125,9.0,6.5,7.5,6.5,7.0,7.5,8.5,5.0,6.0,8.0,6.0,8.0
Asia,Western Asia,Syria,SYR,6.8375,6.05,8.5,8.5,9.0,1.5,3.5,7.0,3.0,2.5,7.5,9.5,7.625,4.5,9.0,10.0,7.0,1.875,2.0,1.0,3.0,2.0,1.5,2.0,1.5,2.0,2.5,2.0,2.0,1.0
Asia,Central Asia and the Caucasus,Tajikistan,TJK,5.6125,5.1,6.5,6.0,4.0,2.5,3.5,7.0,8.5,2.0,6.0,5.0,6.125,5.5,5.0,9.0,5.0,2.6666666666666665,3.0,2.0,3.0,2.0,3.0,3.0,2.5,3.5,3.0,2.0,3.0,2.0
Africa,East Africa,Tanzania,TZA,6.15,6.55,6.5,6.5,5.5,7.5,8.0,6.5,7.5,5.0,7.0,5.5,5.75,3.0,7.0,7.0,6.0,4.041666666666667,5.5,2.0,4.0,5.5,5.0,4.0,4.5,5.5,5.0,3.0,3.0,1.5
Asia,South-Eastern Asia,Thailand,THA,5.7625,6.4,6.5,7.0,5.5,6.5,8.0,6.0,7.5,4.0,5.0,8.0,5.125,1.5,5.0,6.5,7.5,4.666666666666667,5.0,4.5,6.0,5.5,4.0,5.0,4.0,4.5,4.5,4.5,5.0,3.5
Asia,South-Eastern Asia,Timor-Leste,TLS,3.9625,3.55,4.0,5.0,4.0,3.0,5.0,2.0,2.5,2.5,3.5,4.0,4.375,5.0,4.0,4.5,4.0,3.6666666666666665,3.0,3.0,3.5,4.5,4.0,4.5,3.0,4.0,3.0,3.5,3.5,4.5
Africa,West Africa,Togo,TGO,5.325,4.9,6.0,3.5,4.0,5.0,6.0,6.0,3.0,5.0,6.5,4.0,5.75,1.0,7.0,7.5,7.5,4.0,3.0,3.0,5.5,4.5,3.5,4.0,4.0,3.0,4.5,4.5,4.0,4.5
Oceania,Polynesia,Tonga,TON,3.775,3.3,3.5,1.0,5.0,1.0,3.5,2.0,1.5,4.0,5.0,6.5,4.25,1.0,4.5,5.0,6.5,5.208333333333333,5.0,5.5,6.5,6.0,4.0,5.0,5.5,5.0,5.0,5.0,4.0,6.0
Americas,Caribbean,Trinidad and Tobago,TTO,4.9375,4.25,6.0,4.0,6.0,1.0,2.0,2.0,3.0,7.5,7.0,4.0,5.625,6.0,5.0,5.0,6.5,5.208333333333333,5.0,5.0,6.5,7.0,3.5,5.5,5.0,6.0,4.0,5.0,5.0,5.0
Africa,North Africa,Tunisia,TUN,3.7875,4.2,4.0,7.0,5.0,3.5,3.5,5.0,2.0,3.0,5.0,4.0,3.375,1.0,4.0,5.5,3.0,4.833333333333333,4.5,5.0,5.0,6.5,4.5,4.5,5.5,5.5,4.0,4.5,3.0,5.5
Asia,Western Asia,Turkey,TUR,6.8875,6.4,7.0,9.0,9.0,4.0,3.0,9.5,8.0,4.0,5.0,5.5,7.375,8.0,7.5,9.0,5.0,3.5416666666666665,3.0,3.0,3.5,4.5,2.0,3.0,6.5,2.0,4.0,4.0,3.5,3.5
Asia,Central Asia and the Caucasus,Turkmenistan,TKM,4.6125,4.35,8.5,5.0,2.0,2.0,3.0,7.0,6.5,1.5,4.0,4.0,4.875,3.0,3.5,8.5,4.5,2.1666666666666665,2.0,1.5,1.5,2.5,2.0,2.0,2.0,3.5,2.0,2.0,2.0,3.0
Oceania,Polynesia,Tuvalu,TUV,1.5375,1.7,1.5,1.0,1.0,1.0,5.0,1.0,1.0,1.5,2.5,1.5,1.375,1.0,1.0,1.5,2.0,6.041666666666667,5.5,5.5,5.0,6.5,8.0,7.0,6.5,6.0,6.0,4.5,5.0,7.0
Africa,East Africa,Uganda,UGA,6.1375,5.65,7.0,5.0,6.5,6.0,6.5,7.0,5.0,3.5,6.0,4.0,6.625,5.0,7.0,7.5,7.0,3.9583333333333335,5.0,2.0,5.0,5.0,4.0,4.0,5.5,3.0,3.5,2.0,4.0,4.5
Europe,Central & Eastern Europe,Ukraine,UKR,6.175,5.6,7.0,6.5,8.0,6.5,4.0,7.0,5.0,3.5,5.0,3.5,6.75,6.0,7.0,8.0,6.0,4.0,3.5,4.0,5.5,4.0,4.5,3.5,2.0,4.0,4.5,3.5,4.0,5.0
Asia,Western Asia,United Arab Emirates,ARE,5.75,6.75,8.5,6.5,6.5,5.5,7.5,6.0,7.0,6.0,6.5,7.5,4.75,1.0,6.0,6.0,6.0,5.333333333333333,5.5,5.0,5.5,5.5,5.5,6.0,5.5,4.0,5.5,6.5,6.5,3.0
Europe,Western Europe,United Kingdom,GBR,4.8875,4.4,6.0,5.0,3.5,2.5,4.0,2.0,4.5,6.5,4.5,5.5,5.375,4.0,6.5,3.0,8.0,7.875,8.0,7.5,8.0,8.5,8.5,7.5,8.5,6.5,7.5,7.5,7.5,9.0
Americas,North America,United States,USA,5.5,5.5,5.5,4.5,6.5,2.5,5.5,4.5,6.5,7.0,5.0,7.5,5.5,5.0,6.5,5.0,5.5,6.583333333333333,4.5,5.5,7.0,6.5,6.0,8.0,6.5,6.5,8.0,7.0,6.0,7.5
Americas,South America,Uruguay,URY,2.6875,2.75,3.0,2.0,2.5,1.0,3.5,1.0,2.0,5.0,4.0,3.5,2.625,1.5,4.5,2.0,2.5,7.75,8.0,9.0,9.0,7.0,7.0,8.0,7.0,7.0,8.0,7.5,7.0,8.5
Asia,Central Asia and the Caucasus,Uzbekistan,UZB,4.9625,4.55,7.5,6.0,3.0,3.0,3.5,6.5,6.5,1.5,4.0,4.0,5.375,5.0,4.5,7.0,5.0,3.7916666666666665,3.0,3.0,4.0,4.0,3.0,3.5,4.5,3.5,4.5,4.0,5.0,3.5
Oceania,Melanesia,Vanuatu,VUT,2.2,2.4,2.5,1.5,1.5,3.0,5.5,1.5,1.5,2.0,3.0,2.0,2.0,1.0,1.0,2.5,3.5,5.333333333333333,5.0,6.0,6.0,6.5,7.0,6.5,5.0,4.0,3.5,5.0,3.5,6.0
Americas,South America,Venezuela,VEN,6.6375,5.65,7.5,7.5,8.0,2.5,2.5,9.0,2.0,9.0,7.0,1.5,7.625,9.5,5.0,9.0,7.0,1.9166666666666667,2.0,1.5,1.5,2.0,1.5,1.5,3.5,1.5,1.0,1.0,2.0,4.0
Asia,South-Eastern Asia,Vietnam,VNM,6.275,6.05,6.5,7.0,4.0,6.5,8.5,6.0,7.0,4.0,4.5,6.5,6.5,6.0,7.0,7.0,6.0,4.666666666666667,5.0,4.5,5.5,5.5,4.0,4.5,5.0,5.5,5.0,5.0,4.5,2.0
Asia,Western Asia,Yemen,YEM,6.125,5.0,8.5,7.5,9.0,2.5,4.0,7.0,2.5,2.0,3.0,4.0,7.25,8.0,7.0,6.0,8.0,2.0,2.0,2.0,3.0,2.0,1.5,2.0,2.0,2.0,2.5,1.0,2.0,2.0
Africa,Southern Africa,Zambia,ZMB,4.925,4.6,5.0,3.0,4.0,8.0,4.5,5.5,4.0,3.0,5.0,4.0,5.25,3.0,5.0,6.0,7.0,4.333333333333333,4.0,3.0,5.0,6.5,5.0,4.0,3.5,5.0,5.0,3.0,3.0,5.0
Africa,Southern Africa,Zimbabwe,ZWE,5.6625,5.2,5.5,3.5,4.0,5.5,7.5,8.0,4.0,3.0,6.0,5.0,6.125,3.5,7.5,8.0,5.5,3.1666666666666665,2.0,3.0,3.0,3.0,3.0,3.0,5.0,4.0,3.0,2.0,3.0,4.0
